Packet,Packet 2.docx
Team A,the meow of howe street
Team B,"From the Delaware River to the sea, Central Jersey will be free"
Final Score,"the meow of howe street 200 - 520 From the Delaware River to the sea, Central Jersey will be free"
Winner,"From the Delaware River to the sea, Central Jersey will be free"
Exported,2026-08-22T14:46:43.044Z

Team,Score
the meow of howe street,200
"From the Delaware River to the sea, Central Jersey will be free",520

Player,Team,Points
Tosca Zhang,the meow of howe street,10
Madinah Asif,the meow of howe street,80
Owen Mimno,the meow of howe street,110
Brian Lu,"From the Delaware River to the sea, Central Jersey will be free",120
Aum Mundhe,"From the Delaware River to the sea, Central Jersey will be free",250
Nick Pruitt,"From the Delaware River to the sea, Central Jersey will be free",120
Paul Cantave,"From the Delaware River to the sea, Central Jersey will be free",30
