Packet,Packet 3.docx
Team A,crusty crustacean asians
Team B,"From the Delaware River to the sea, Central Jersey will be free"
Final Score,"crusty crustacean asians 455 - 355 From the Delaware River to the sea, Central Jersey will be free"
Winner,crusty crustacean asians
Exported,2026-08-22T15:28:16.923Z

Team,Score
crusty crustacean asians,455
"From the Delaware River to the sea, Central Jersey will be free",355

Player,Team,Points
Chauncey Lo,crusty crustacean asians,140
Hazel Singh,crusty crustacean asians,30
Brandon Weiss,crusty crustacean asians,50
Isaac Mammel,crusty crustacean asians,235
Brian Lu,"From the Delaware River to the sea, Central Jersey will be free",70
Aum Mundhe,"From the Delaware River to the sea, Central Jersey will be free",200
Nick Pruitt,"From the Delaware River to the sea, Central Jersey will be free",75
Paul Cantave,"From the Delaware River to the sea, Central Jersey will be free",10
