Packet,Packet 7.docx
Team A,the meow of howe street
Team B,"From the Delaware River to the sea, Central Jersey will be free"
Final Score,"the meow of howe street 290 - 410 From the Delaware River to the sea, Central Jersey will be free"
Winner,"From the Delaware River to the sea, Central Jersey will be free"
Exported,2026-08-22T18:36:48.349Z

Team,Score
the meow of howe street,290
"From the Delaware River to the sea, Central Jersey will be free",410

Player,Team,Points
Madinah Asif,the meow of howe street,100
Tosca Zhang,the meow of howe street,90
Owen Mimno,the meow of howe street,100
Paul Cantave,"From the Delaware River to the sea, Central Jersey will be free",30
Brian Lu,"From the Delaware River to the sea, Central Jersey will be free",140
Nick Pruitt,"From the Delaware River to the sea, Central Jersey will be free",10
Aum Mundhe,"From the Delaware River to the sea, Central Jersey will be free",230
