Packet,Packet 4.docx
Team A,Tyler Myers Fan Club
Team B,just pick me 岡田山田 and let’s 躺平 in peace
Final Score,Tyler Myers Fan Club 190 - 470 just pick me 岡田山田 and let’s 躺平 in peace
Winner,just pick me 岡田山田 and let’s 躺平 in peace
Exported,2026-08-23T19:29:24.059Z

Team,Score
Tyler Myers Fan Club,190
just pick me 岡田山田 and let’s 躺平 in peace,470

Player,Team,Points,Played
Ryan Carrusca,Tyler Myers Fan Club,50,1
Federico Knaudt,Tyler Myers Fan Club,90,1
Vincent Guan,Tyler Myers Fan Club,20,1
Michael Dawson,Tyler Myers Fan Club,30,1
Kevin Ye,just pick me 岡田山田 and let’s 躺平 in peace,220,1
Dexter Hine,just pick me 岡田山田 and let’s 躺平 in peace,60,1
Matthew Wang,just pick me 岡田山田 and let’s 躺平 in peace,190,1
