Packet,Packet 8.docx
Team A,dome-gal4 > uas-jupitergfp
Team B,Tyler Myers Fan Club
Final Score,dome-gal4 > uas-jupitergfp 530 - 230 Tyler Myers Fan Club
Winner,dome-gal4 > uas-jupitergfp
Exported,2026-08-23T22:26:15.652Z

Team,Score
dome-gal4 > uas-jupitergfp,530
Tyler Myers Fan Club,230

Player,Team,Points,Played
Joyce Xi,dome-gal4 > uas-jupitergfp,50,1
Alyssa Parker,dome-gal4 > uas-jupitergfp,40,1
Brendan Liaw,dome-gal4 > uas-jupitergfp,270,1
Ali Hasan,dome-gal4 > uas-jupitergfp,170,1
Ryan Carrusca,Tyler Myers Fan Club,150,1
Federico Knaudt,Tyler Myers Fan Club,0,0
Vincent Guan,Tyler Myers Fan Club,0,0
Michael Dawson,Tyler Myers Fan Club,80,1
