Packet,Pocket Dimension v3/Packet 9.docx
Team A,loveday's lost braincell
Team B,Tyler Myers Fan Club
Final Score,loveday's lost braincell 320 - 280 Tyler Myers Fan Club
Winner,loveday's lost braincell
Exported,2026-08-23T23:03:01.075Z

Team,Score
loveday's lost braincell,320
Tyler Myers Fan Club,280

Player,Team,Points,Played
Amraj Sandhu,loveday's lost braincell,60,1
Lucas Xiong,loveday's lost braincell,170,1
Victoria Shmig,loveday's lost braincell,20,1
Terrence Jang,loveday's lost braincell,70,1
Eric Liu,loveday's lost braincell,0,1
Emalyn Hamm,loveday's lost braincell,0,1
Ryan Carrusca,Tyler Myers Fan Club,100,1
Michael Dawson,Tyler Myers Fan Club,180,1
