Packet,Pocket Dimension v3/Packet 4.docx
Team A,Consensus 250 Grand Prix
Team B,Aminal Farm
Final Score,Consensus 250 Grand Prix 415 - 155 Aminal Farm
Winner,Consensus 250 Grand Prix
Exported,2026-08-23T19:33:56.818Z

Team,Score
Consensus 250 Grand Prix,415
Aminal Farm,155

Player,Team,Points,Played
Henry Rutherford,Consensus 250 Grand Prix,175,1
Joyann Hua,Consensus 250 Grand Prix,130,1
Alan Zhang,Consensus 250 Grand Prix,100,1
Caryn Chen,Consensus 250 Grand Prix,10,1
Guru Nathan,Aminal Farm,60,1
Nikhil Krishna,Aminal Farm,65,1
Isa Zeng,Aminal Farm,20,1
Alex Boettcher,Aminal Farm,10,1
