Packet,Pocket Dimension v3/Packet 5.docx
Team A,just pick me 岡田山田 and let’s 躺平 in peace
Team B,dome-gal4 > uas-jupitergfp
Final Score,just pick me 岡田山田 and let’s 躺平 in peace 295 - 455 dome-gal4 > uas-jupitergfp
Winner,dome-gal4 > uas-jupitergfp
Exported,2026-08-23T20:34:31.527Z

Team,Score
just pick me 岡田山田 and let’s 躺平 in peace,295
dome-gal4 > uas-jupitergfp,455

Player,Team,Points,Played
Kevin Ye,just pick me 岡田山田 and let’s 躺平 in peace,80,1
Dexter Hine,just pick me 岡田山田 and let’s 躺平 in peace,50,1
Matthew Wang,just pick me 岡田山田 and let’s 躺平 in peace,165,1
Alyssa Parker,dome-gal4 > uas-jupitergfp,110,1
Joyce Xi,dome-gal4 > uas-jupitergfp,60,1
Brendan Liaw,dome-gal4 > uas-jupitergfp,160,1
Ali Hasan,dome-gal4 > uas-jupitergfp,125,1
