Packet,Pocket Dimension v3/Packet 11.docx
Team A,Madrzyk: The Gathering
Team B,just pick me 岡田山田 and let’s 躺平 in peace
Final Score,Madrzyk: The Gathering 450 - 305 just pick me 岡田山田 and let’s 躺平 in peace
Winner,Madrzyk: The Gathering
Exported,2026-08-24T00:11:48.807Z

Team,Score
Madrzyk: The Gathering,450
just pick me 岡田山田 and let’s 躺平 in peace,305

Player,Team,Points,Played
Josh Yamada,Madrzyk: The Gathering,170,1
Russell Nip,Madrzyk: The Gathering,130,1
Justin Qian,Madrzyk: The Gathering,50,1
John Chen,Madrzyk: The Gathering,100,1
Kevin Ye,just pick me 岡田山田 and let’s 躺平 in peace,125,1
Dexter Hine,just pick me 岡田山田 and let’s 躺平 in peace,70,1
Matthew Wang,just pick me 岡田山田 and let’s 躺平 in peace,110,1
