Packet,Pocket Dimension v3/Packet 12.docx
Team A,Consensus 250 Grand Prix
Team B,just pick me 岡田山田 and let’s 躺平 in peace
Final Score,Consensus 250 Grand Prix 305 - 440 just pick me 岡田山田 and let’s 躺平 in peace
Winner,just pick me 岡田山田 and let’s 躺平 in peace
Exported,2026-08-24T00:42:31.859Z

Team,Score
Consensus 250 Grand Prix,305
just pick me 岡田山田 and let’s 躺平 in peace,440

Player,Team,Points,Played
Caryn Chen,Consensus 250 Grand Prix,10,1
Alan Zhang,Consensus 250 Grand Prix,70,1
Joyann Hua,Consensus 250 Grand Prix,80,1
Henry Rutherford,Consensus 250 Grand Prix,145,1
Kevin Ye,just pick me 岡田山田 and let’s 躺平 in peace,190,1
Dexter Hine,just pick me 岡田山田 and let’s 躺平 in peace,70,1
Matthew Wang,just pick me 岡田山田 and let’s 躺平 in peace,180,1
