Packet,Pocket Dimension v3/Packet 8.docx
Team A,Aminal Farm
Team B,Elite Ball Knowers
Final Score,Aminal Farm 215 - 255 Elite Ball Knowers
Winner,Elite Ball Knowers
Exported,2026-08-23T22:30:23.269Z

Team,Score
Aminal Farm,215
Elite Ball Knowers,255

Player,Team,Points,Played
Guru Nathan,Aminal Farm,60,1
Nikhil Krishna,Aminal Farm,80,1
Isa Zeng,Aminal Farm,20,1
Alex Boettcher,Aminal Farm,55,1
Eva Li,Elite Ball Knowers,120,1
Nathaniel Roessler,Elite Ball Knowers,75,1
Jolie Ye,Elite Ball Knowers,50,1
Amelia Wu,Elite Ball Knowers,10,1
Eva Huang,Elite Ball Knowers,0,0.074
