Packet,Pocket Dimension v3/Packet 7.docx
Team A,Tyler Myers Fan Club
Team B,fabulous fih
Final Score,Tyler Myers Fan Club 370 - 110 fabulous fih
Winner,Tyler Myers Fan Club
Exported,2026-08-23T21:49:35.819Z

Team,Score
Tyler Myers Fan Club,370
fabulous fih,110

Player,Team,Points,Played
Michael Dawson,Tyler Myers Fan Club,110,1
Vincent Guan,Tyler Myers Fan Club,100,1
Ryan Carrusca,Tyler Myers Fan Club,60,1
Federico Knaudt,Tyler Myers Fan Club,100,1
Jerry Wong,fabulous fih,10,1
Charles Xin,fabulous fih,20,1
Darien Yang,fabulous fih,80,1
Wesley Yu,fabulous fih,0,0
