Packet,Pocket Dimension v3/Packet 1.docx
Team A,Aminal Farm
Team B,just pick me 岡田山田 and let’s 躺平 in peace
Final Score,Aminal Farm 180 - 375 just pick me 岡田山田 and let’s 躺平 in peace
Winner,just pick me 岡田山田 and let’s 躺平 in peace
Exported,2026-08-23T17:34:48.797Z

Team,Score
Aminal Farm,180
just pick me 岡田山田 and let’s 躺平 in peace,375

Player,Team,Points,Played
Alex Boettcher,Aminal Farm,30,1
Isa Zeng,Aminal Farm,40,1
Nikhil Krishna,Aminal Farm,90,1
Guru Nathan,Aminal Farm,20,1
Dexter Hine,just pick me 岡田山田 and let’s 躺平 in peace,110,1
Matthew Wang,just pick me 岡田山田 and let’s 躺平 in peace,140,1
Kevin Ye,just pick me 岡田山田 and let’s 躺平 in peace,125,1
